[
    {
        "set_num": "PLUSH-3",
        "name": "I [Heart] LEGOLAND Plush (Female)",
        "year": "2020",
        "theme_id": "735",
        "num_parts": "0",
        "img_url": "https://cdn.rebrickable.com/media/sets/plush-3.jpg"
    },
    {
        "set_num": "PLUSH-5",
        "name": "Ollie Plush",
        "year": "2020",
        "theme_id": "735",
        "num_parts": "0",
        "img_url": "https://cdn.rebrickable.com/media/sets/plush-5.jpg"
    },
    {
        "set_num": "PLUSH-7",
        "name": "I [Heart] LEGOLAND Plush (Male)",
        "year": "2020",
        "theme_id": "735",
        "num_parts": "0",
        "img_url": "https://cdn.rebrickable.com/media/sets/plush-7.jpg"
    },
    {
        "set_num": "PONCHO-1",
        "name": "LEGOLAND Child Rain Poncho",
        "year": "2020",
        "theme_id": "501",
        "num_parts": "0",
        "img_url": "https://cdn.rebrickable.com/media/sets/poncho-1.jpg"
    },
    {
        "set_num": "PONCHO-2",
        "name": "LEGOLAND Adult Rain Poncho",
        "year": "2020",
        "theme_id": "501",
        "num_parts": "0",
        "img_url": "https://cdn.rebrickable.com/media/sets/poncho-2.jpg"
    },
    {
        "set_num": "PORG-1",
        "name": "Porg",
        "year": "2018",
        "theme_id": "158",
        "num_parts": "75",
        "img_url": "https://cdn.rebrickable.com/media/sets/porg-1.jpg"
    },
    {
        "set_num": "POUCH-1",
        "name": "2 x 2 Building Brick Accessory Zipper Pouch",
        "year": "2021",
        "theme_id": "501",
        "num_parts": "0",
        "img_url": "https://cdn.rebrickable.com/media/sets/pouch-1.jpg"
    },
    {
        "set_num": "POUCH-2",
        "name": "Minifigure Motion Accessory Zipper Pouch",
        "year": "2021",
        "theme_id": "501",
        "num_parts": "0",
        "img_url": "https://cdn.rebrickable.com/media/sets/pouch-2.jpg"
    },
    {
        "set_num": "POUCH-3",
        "name": "Minifigure Color Me Crowd Pencil Pouch",
        "year": "2021",
        "theme_id": "501",
        "num_parts": "0",
        "img_url": "https://cdn.rebrickable.com/media/sets/pouch-3.jpg"
    },
    {
        "set_num": "POUCH-4",
        "name": "Minifigure Emoji Pouch (Blue)",
        "year": "2021",
        "theme_id": "501",
        "num_parts": "0",
        "img_url": "https://cdn.rebrickable.com/media/sets/pouch-4.jpg"
    },
    {
        "set_num": "POUCH-5",
        "name": "Minifigure Pouch",
        "year": "2020",
        "theme_id": "501",
        "num_parts": "0",
        "img_url": "https://cdn.rebrickable.com/media/sets/pouch-5.jpg"
    },
    {
        "set_num": "POUCH-6",
        "name": "Nexo Knights Accessory Pouch",
        "year": "2018",
        "theme_id": "501",
        "num_parts": "0",
        "img_url": "https://cdn.rebrickable.com/media/sets/pouch-6.jpg"
    },
    {
        "set_num": "PRINT-1",
        "name": "Black Panther Numbered Print",
        "year": "2022",
        "theme_id": "736",
        "num_parts": "0",
        "img_url": "https://cdn.rebrickable.com/media/sets/print-1.jpg"
    },
    {
        "set_num": "PSGAME-3",
        "name": "Bionicle Heroes - PS2",
        "year": "2006",
        "theme_id": "742",
        "num_parts": "0",
        "img_url": "https://cdn.rebrickable.com/media/sets/psgame-3.jpg"
    },
    {
        "set_num": "PUMPKIN-1",
        "name": "Pumpkin",
        "year": "2011",
        "theme_id": "230",
        "num_parts": "40",
        "img_url": "https://cdn.rebrickable.com/media/sets/pumpkin-1.jpg"
    },
    {
        "set_num": "PUMPKIN2-1",
        "name": "Pumpkin",
        "year": "2022",
        "theme_id": "230",
        "num_parts": "25",
        "img_url": "https://cdn.rebrickable.com/media/sets/pumpkin2-1.jpg"
    },
    {
        "set_num": "PUPPY-HOUSE-1",
        "name": "Puppy House",
        "year": "2019",
        "theme_id": "52",
        "num_parts": "71",
        "img_url": "https://cdn.rebrickable.com/media/sets/puppy-house-1.jpg"
    },
    {
        "set_num": "PUPPY-HOUSE-2",
        "name": "Puppy House",
        "year": "2019",
        "theme_id": "494",
        "num_parts": "72",
        "img_url": "https://cdn.rebrickable.com/media/sets/puppy-house-2.jpg"
    },
    {
        "set_num": "QUATRO-1",
        "name": "Bag of Bricks",
        "year": "2006",
        "theme_id": "441",
        "num_parts": "15",
        "img_url": "https://cdn.rebrickable.com/media/sets/quatro-1.jpg"
    },
    {
        "set_num": "QX12933-1",
        "name": "Hallmark Keepsake Christmas Tree Ornament - The LEGO Ninjago Movie Lloyd",
        "year": "2018",
        "theme_id": "738",
        "num_parts": "0",
        "img_url": "https://cdn.rebrickable.com/media/sets/qx12933-1.jpg"
    },
    {
        "set_num": "QX4769-1",
        "name": "Hallmark Keepsake Christmas Tree Ornament - 1995 Fireplace with Santa",
        "year": "1995",
        "theme_id": "738",
        "num_parts": "0",
        "img_url": "https://cdn.rebrickable.com/media/sets/qx4769-1.jpg"
    },
    {
        "set_num": "QX5453-1",
        "name": "Hallmark Keepsake Christmas Tree Ornament - 1994 Santa's Sleigh",
        "year": "1994",
        "theme_id": "738",
        "num_parts": "0",
        "img_url": "https://cdn.rebrickable.com/media/sets/qx5453-1.jpg"
    },
    {
        "set_num": "QXI2215-1",
        "name": "Hallmark Keepsake Christmas Tree Ornament - The LEGO Batman Movie Batman",
        "year": "2017",
        "theme_id": "738",
        "num_parts": "0",
        "img_url": "https://cdn.rebrickable.com/media/sets/qxi2215-1.jpg"
    },
    {
        "set_num": "QXI2245-1",
        "name": "Hallmark Keepsake Christmas Tree Ornament - Star Wars Yoda",
        "year": "2013",
        "theme_id": "738",
        "num_parts": "0",
        "img_url": "https://cdn.rebrickable.com/media/sets/qxi2245-1.jpg"
    },
    {
        "set_num": "QXI2334-1",
        "name": "Hallmark Keepsake Christmas Tree Ornament - DC Comics Super Heroes Superman",
        "year": "2020",
        "theme_id": "738",
        "num_parts": "0",
        "img_url": "https://cdn.rebrickable.com/media/sets/qxi2334-1.jpg"
    },
    {
        "set_num": "QXI2554-1",
        "name": "Hallmark Keepsake Christmas Tree Ornament - Jurassic World Velociraptor Blue",
        "year": "2020",
        "theme_id": "738",
        "num_parts": "0",
        "img_url": "https://cdn.rebrickable.com/media/sets/qxi2554-1.jpg"
    },
    {
        "set_num": "QXI2584-1",
        "name": "Hallmark Keepsake Christmas Tree Ornament - Gingerbread Man",
        "year": "2020",
        "theme_id": "738",
        "num_parts": "0",
        "img_url": "https://cdn.rebrickable.com/media/sets/qxi2584-1.jpg"
    },
    {
        "set_num": "QXI2593-1",
        "name": "Hallmark Keepsake Christmas Tree Ornament - Star Wars Boba Fett",
        "year": "2014",
        "theme_id": "738",
        "num_parts": "0",
        "img_url": "https://cdn.rebrickable.com/media/sets/qxi2593-1.jpg"
    },
    {
        "set_num": "QXI2619-1",
        "name": "Hallmark Keepsake Christmas Tree Ornament - Star Wars Darth Vader",
        "year": "2011",
        "theme_id": "738",
        "num_parts": "0",
        "img_url": "https://cdn.rebrickable.com/media/sets/qxi2619-1.jpg"
    },
    {
        "set_num": "QXI2661-1",
        "name": "Hallmark Keepsake Christmas Tree Ornament - Star Wars Stormtrooper",
        "year": "2012",
        "theme_id": "738",
        "num_parts": "0",
        "img_url": "https://cdn.rebrickable.com/media/sets/qxi2661-1.jpg"
    },
    {
        "set_num": "QXI3063-1",
        "name": "Hallmark Keepsake Christmas Tree Ornament - The LEGO Batman Movie The Joker",
        "year": "2018",
        "theme_id": "738",
        "num_parts": "0",
        "img_url": "https://cdn.rebrickable.com/media/sets/qxi3063-1.jpg"
    },
    {
        "set_num": "QXI3297-1",
        "name": "Hallmark Keepsake Christmas Tree Ornament - The LEGO Batman Movie Robin",
        "year": "2019",
        "theme_id": "738",
        "num_parts": "0",
        "img_url": "https://cdn.rebrickable.com/media/sets/qxi3297-1.jpg"
    },
    {
        "set_num": "QXI3687-1",
        "name": "Hallmark Keepsake Christmas Tree Ornament - Star Wars C-3PO",
        "year": "2019",
        "theme_id": "738",
        "num_parts": "0",
        "img_url": "https://cdn.rebrickable.com/media/sets/qxi3687-1.jpg"
    },
    {
        "set_num": "QXI3689-1",
        "name": "Hallmark Keepsake Christmas Tree Ornament - Star Wars R2-D2",
        "year": "2019",
        "theme_id": "738",
        "num_parts": "0",
        "img_url": "https://cdn.rebrickable.com/media/sets/qxi3689-1.jpg"
    },
    {
        "set_num": "QXI3749-1",
        "name": "Hallmark Keepsake Christmas Tree Ornament - Santa Claus",
        "year": "2019",
        "theme_id": "738",
        "num_parts": "0",
        "img_url": "https://cdn.rebrickable.com/media/sets/qxi3749-1.jpg"
    },
    {
        "set_num": "QXI3789-1",
        "name": "Hallmark Keepsake Christmas Tree Ornament - The LEGO Movie 2 Unikitty",
        "year": "2019",
        "theme_id": "738",
        "num_parts": "0",
        "img_url": "https://cdn.rebrickable.com/media/sets/qxi3789-1.jpg"
    },
    {
        "set_num": "QXI6014-1",
        "name": "Hallmark Keepsake Christmas Tree Ornament - Star Wars Han Solo",
        "year": "2020",
        "theme_id": "738",
        "num_parts": "0",
        "img_url": "https://cdn.rebrickable.com/media/sets/qxi6014-1.jpg"
    },
    {
        "set_num": "QXI6021-1",
        "name": "Hallmark Keepsake Christmas Tree Ornament - Star Wars Chewbacca",
        "year": "2020",
        "theme_id": "738",
        "num_parts": "0",
        "img_url": "https://cdn.rebrickable.com/media/sets/qxi6021-1.jpg"
    },
    {
        "set_num": "QXI6039-1",
        "name": "Hallmark Keepsake Christmas Tree Ornament - Quidditch Seeker Harry Potter",
        "year": "2023",
        "theme_id": "738",
        "num_parts": "0",
        "img_url": "https://cdn.rebrickable.com/media/sets/qxi6039-1.jpg"
    },
    {
        "set_num": "QXI7022-1",
        "name": "Hallmark Keepsake Christmas Tree Ornament - DC Comics Super Heroes Wonder Woman",
        "year": "2021",
        "theme_id": "738",
        "num_parts": "0",
        "img_url": "https://cdn.rebrickable.com/media/sets/qxi7022-1.jpg"
    },
    {
        "set_num": "QXI7079-1",
        "name": "Hallmark Keepsake Christmas Tree Ornament - Star Wars The Mandalorian and Grogu",
        "year": "2023",
        "theme_id": "738",
        "num_parts": "0",
        "img_url": "https://cdn.rebrickable.com/media/sets/qxi7079-1.jpg"
    },
    {
        "set_num": "QXI7225-1",
        "name": "Hallmark Keepsake Christmas Tree Ornament - Elf and Teddy",
        "year": "2021",
        "theme_id": "738",
        "num_parts": "0",
        "img_url": "https://cdn.rebrickable.com/media/sets/qxi7225-1.jpg"
    },
    {
        "set_num": "QXI7329-1",
        "name": "Hallmark Keepsake Christmas Tree Ornament - Gingerbread Woman",
        "year": "2023",
        "theme_id": "738",
        "num_parts": "0",
        "img_url": "https://cdn.rebrickable.com/media/sets/qxi7329-1.jpg"
    },
    {
        "set_num": "QXI7336-1",
        "name": "Hallmark Keepsake Christmas Tree Ornament - Yeti",
        "year": "2022",
        "theme_id": "738",
        "num_parts": "0",
        "img_url": "https://cdn.rebrickable.com/media/sets/qxi7336-1.jpg"
    },
    {
        "set_num": "QXI7343-1",
        "name": "Hallmark Keepsake Christmas Tree Ornament - Astronaut",
        "year": "2022",
        "theme_id": "738",
        "num_parts": "0",
        "img_url": "https://cdn.rebrickable.com/media/sets/qxi7343-1.jpg"
    },
    {
        "set_num": "QXI7506-1",
        "name": "Hallmark Keepsake Christmas Tree Ornament - BB-8",
        "year": "2022",
        "theme_id": "738",
        "num_parts": "0",
        "img_url": "https://cdn.rebrickable.com/media/sets/qxi7506-1.jpg"
    },
    {
        "set_num": "QXI7555-1",
        "name": "Hallmark Keepsake Christmas Tree Ornament - Star Wars Darth Vader",
        "year": "2021",
        "theme_id": "738",
        "num_parts": "0",
        "img_url": "https://cdn.rebrickable.com/media/sets/qxi7555-1.jpg"
    },
    {
        "set_num": "QXI7562-1",
        "name": "Hallmark Keepsake Christmas Tree Ornament - Star Wars Stormtrooper",
        "year": "2021",
        "theme_id": "738",
        "num_parts": "0",
        "img_url": "https://cdn.rebrickable.com/media/sets/qxi7562-1.jpg"
    },
    {
        "set_num": "QXI7576-1",
        "name": "Hallmark Keepsake Christmas Tree Ornament - Harry Potter",
        "year": "2022",
        "theme_id": "738",
        "num_parts": "0",
        "img_url": "https://cdn.rebrickable.com/media/sets/qxi7576-1.jpg"
    },
    {
        "set_num": "R2D2-1",
        "name": "Sterling Silver R2-D2",
        "year": "2019",
        "theme_id": "501",
        "num_parts": "0",
        "img_url": "https://cdn.rebrickable.com/media/sets/r2d2-1.jpg"
    }
]